model;perc_train;precision;recall;f1;n_train;n_test;random_seed;timestamp
random_forest;0.01;0.5485364031312617;0.40965391621129327;0.4672894145193234;800;20000;AVG;2026-09-10_22:47:36
random_forest;0.05;0.5755795860453007;0.45125227686703095;0.5056020393276851;4000;20000;AVG;2026-09-10_22:47:36
random_forest;0.1;0.5914991804982976;0.4713456284153005;0.5243786387897957;8000;20000;AVG;2026-09-10_22:47:36
random_forest;0.2;0.6080169486720177;0.493021402550091;0.5443729428946178;16000;20000;AVG;2026-09-10_22:47:36
random_forest;0.3;0.6181057825884293;0.5025956284153005;0.5543123557363547;24000;20000;AVG;2026-09-10_22:47:36
random_forest;0.4;0.6219453316804082;0.5092326958105646;0.5599020500300197;32000;20000;AVG;2026-09-10_22:47:36
random_forest;0.5;0.6313161872684476;0.5148793260473588;0.567122789913449;40000;20000;AVG;2026-09-10_22:47:36
random_forest;0.6;0.6357231138964876;0.5190346083788706;0.5714466879715018;48000;20000;AVG;2026-09-10_22:47:36
random_forest;0.7;0.6392186804719848;0.5236566484517304;0.5756549105897062;56000;20000;AVG;2026-09-10_22:47:36
random_forest;0.8;0.642471939870242;0.5273451730418943;0.5792038792482163;64000;20000;AVG;2026-09-10_22:47:36
random_forest;0.9;0.6452697092552317;0.5290300546448087;0.581371429910936;72000;20000;AVG;2026-09-10_22:47:36
random_forest;1.0;0.6474746358106772;0.5331511839708561;0.5847681106747167;80000;20000;AVG;2026-09-10_22:47:36
random_forest;0.01;0.5234996384671005;0.3296903460837887;0.4045822855546241;800;20000;1;2026-09-10_21:36:01
random_forest;0.05;0.5589988081048868;0.4271402550091074;0.4842540010325245;4000;20000;1;2026-09-10_21:36:09
random_forest;0.1;0.6075801749271137;0.4744990892531876;0.532856047046791;8000;20000;1;2026-09-10_21:36:18
random_forest;0.2;0.6109510086455331;0.482695810564663;0.5393029763418976;16000;20000;1;2026-09-10_21:36:27
random_forest;0.3;0.613934894346088;0.4895264116575592;0.5447175069673169;24000;20000;1;2026-09-10_21:36:36
random_forest;0.4;0.621331828442438;0.5013661202185792;0.5549395161290321;32000;20000;1;2026-09-10_21:36:45
random_forest;0.5;0.6368876080691642;0.5031876138433515;0.5621979140167895;40000;20000;1;2026-09-10_21:36:54
random_forest;0.6;0.6256239600665557;0.5136612021857924;0.5641410352588148;48000;20000;1;2026-09-10_21:37:03
random_forest;0.7;0.6310517529215359;0.5163934426229508;0.5679939894815929;56000;20000;1;2026-09-10_21:37:12
random_forest;0.8;0.6289342904472667;0.5186703096539163;0.568505116046918;64000;20000;1;2026-09-10_21:37:21
random_forest;0.9;0.6445182724252492;0.5300546448087432;0.5817091454272864;72000;20000;1;2026-09-10_21:37:31
random_forest;1.0;0.643521049753964;0.5359744990892532;0.5848447204968944;80000;20000;1;2026-09-10_21:37:40
random_forest;0.01;0.5755022683084899;0.4043715846994535;0.474993313720246;800;20000;2;2026-09-10_21:37:50
random_forest;0.05;0.5636464702612562;0.4617486338797814;0.5076345431789738;4000;20000;2;2026-09-10_21:37:59
random_forest;0.1;0.5913146936347412;0.4526411657559198;0.5127676038173845;8000;20000;2;2026-09-10_21:38:07
random_forest;0.2;0.6161383285302594;0.4867941712204007;0.5438819638768762;16000;20000;2;2026-09-10_21:38:15
random_forest;0.3;0.6313416009019166;0.5100182149362478;0.5642317380352646;24000;20000;2;2026-09-10_21:38:24
random_forest;0.4;0.6123110151187905;0.5163934426229508;0.5602766798418972;32000;20000;2;2026-09-10_21:38:32
random_forest;0.5;0.6309060589216231;0.5168488160291439;0.5682102628285357;40000;20000;2;2026-09-10_21:38:41
random_forest;0.6;0.6367713004484304;0.517304189435337;0.5708542713567839;48000;20000;2;2026-09-10_21:38:50
random_forest;0.7;0.6418994413407821;0.523224043715847;0.5765178123432012;56000;20000;2;2026-09-10_21:38:59
random_forest;0.8;0.6398907103825137;0.5332422586520947;0.5817188276204669;64000;20000;2;2026-09-10_21:39:08
random_forest;0.9;0.6384149697303247;0.5282331511839709;0.5781211064041863;72000;20000;2;2026-09-10_21:39:17
random_forest;1.0;0.6443468715697036;0.5346083788706739;0.5843703334992533;80000;20000;2;2026-09-10_21:39:27
random_forest;0.01;0.5226463104325699;0.4676684881602914;0.4936313386205239;800;20000;3;2026-09-10_21:39:36
random_forest;0.05;0.5715106260769672;0.4530965391621129;0.5054610109220219;4000;20000;3;2026-09-10_21:39:44
random_forest;0.1;0.6008158508158508;0.4694899817850637;0.5270961145194274;8000;20000;3;2026-09-10_21:39:53
random_forest;0.2;0.6189655172413793;0.4904371584699453;0.5472560975609756;16000;20000;3;2026-09-10_21:40:01
random_forest;0.3;0.6353276353276354;0.5077413479052824;0.5644140723867376;24000;20000;3;2026-09-10_21:40:09
random_forest;0.4;0.6423728813559322;0.51775956284153;0.5733736762481089;32000;20000;3;2026-09-10_21:40:18
random_forest;0.5;0.6414887794198139;0.5336976320582878;0.5826497638578175;40000;20000;3;2026-09-10_21:40:26
random_forest;0.6;0.6463076068850638;0.5300546448087432;0.5824368276207156;48000;20000;3;2026-09-10_21:40:35
random_forest;0.7;0.6440677966101694;0.5364298724954463;0.5853416149068323;56000;20000;3;2026-09-10_21:40:44
random_forest;0.8;0.6385674931129477;0.5277777777777778;0.5779107454500124;64000;20000;3;2026-09-10_21:40:53
random_forest;0.9;0.6418072945019053;0.5368852459016393;0.5846764195388049;72000;20000;3;2026-09-10_21:41:02
random_forest;1.0;0.65;0.5327868852459017;0.5855855855855856;80000;20000;3;2026-09-10_21:41:11
random_forest;0.01;0.5613832853025936;0.4435336976320583;0.4955482065632154;800;20000;4;2026-09-10_21:41:21
random_forest;0.05;0.5605095541401274;0.4408014571948998;0.4934998725465205;4000;20000;4;2026-09-10_21:41:29
random_forest;0.1;0.5952380952380952;0.4781420765027322;0.5303030303030302;8000;20000;4;2026-09-10_21:41:37
random_forest;0.2;0.599004424778761;0.4931693989071038;0.5409590409590409;16000;20000;4;2026-09-10_21:41:45
random_forest;0.3;0.6111420612813371;0.4995446265938069;0.549736908043097;24000;20000;4;2026-09-10_21:41:54
random_forest;0.4;0.6139685977260422;0.5163934426229508;0.5609695770467475;32000;20000;4;2026-09-10_21:42:02
random_forest;0.5;0.6266025641025641;0.5341530054644809;0.5766961651917404;40000;20000;4;2026-09-10_21:42:11
random_forest;0.6;0.6306601200218221;0.5264116575591985;0.5738396624472574;48000;20000;4;2026-09-10_21:42:19
random_forest;0.7;0.6442093541202673;0.5268670309653917;0.5796593186372745;56000;20000;4;2026-09-10_21:42:28
random_forest;0.8;0.6498054474708171;0.5323315118397086;0.5852315394242804;64000;20000;4;2026-09-10_21:42:37
random_forest;0.9;0.6514896008993817;0.5277777777777778;0.5831446540880504;72000;20000;4;2026-09-10_21:42:47
random_forest;1.0;0.6472527472527473;0.5364298724954463;0.5866533864541833;80000;20000;4;2026-09-10_21:42:56
random_forest;0.01;0.542314335060449;0.4289617486338797;0.4790236460717009;800;20000;5;2026-09-10_21:43:06
random_forest;0.05;0.5734226689000559;0.4676684881602914;0.5151743165287184;4000;20000;5;2026-09-10_21:43:14
random_forest;0.1;0.601804850535815;0.4858834244080146;0.5376669186192997;8000;20000;5;2026-09-10_21:43:22
random_forest;0.2;0.619800820152314;0.4817850637522768;0.5421470663592108;16000;20000;5;2026-09-10_21:43:30
random_forest;0.3;0.624004550625711;0.4995446265938069;0.5548811330298432;24000;20000;5;2026-09-10_21:43:39
random_forest;0.4;0.6142935079105292;0.5127504553734062;0.5589476296847854;32000;20000;5;2026-09-10_21:43:48
random_forest;0.5;0.6298312465977136;0.5268670309653917;0.5737664269774361;40000;20000;5;2026-09-10_21:43:56
random_forest;0.6;0.6396694214876033;0.5286885245901639;0.5789080029917726;48000;20000;5;2026-09-10_21:44:05
random_forest;0.7;0.6484018264840182;0.517304189435337;0.5754812563323201;56000;20000;5;2026-09-10_21:44:14
random_forest;0.8;0.6491821771009588;0.5241347905282332;0.5799949609473419;64000;20000;5;2026-09-10_21:44:23
random_forest;0.9;0.6577296063890473;0.5250455373406193;0.5839453026082552;72000;20000;5;2026-09-10_21:44:32
random_forest;1.0;0.6460859977949284;0.5336976320582878;0.5845386533665835;80000;20000;5;2026-09-10_21:44:42
random_forest;0.01;0.5232177894048398;0.3642987249544626;0.4295302013422818;800;20000;6;2026-09-10_21:44:51
random_forest;0.05;0.5694838343732275;0.4571948998178506;0.5071987875726194;4000;20000;6;2026-09-10_21:44:59
random_forest;0.1;0.5987878787878788;0.4499089253187613;0.5137805512220489;8000;20000;6;2026-09-10_21:45:08
random_forest;0.2;0.6038374717832957;0.4872495446265938;0.5393145161290323;16000;20000;6;2026-09-10_21:45:17
random_forest;0.3;0.6052631578947368;0.4922586520947176;0.5429432446007031;24000;20000;6;2026-09-10_21:45:27
random_forest;0.4;0.6228473019517795;0.49408014571949;0.5510411376333164;32000;20000;6;2026-09-10_21:45:36
random_forest;0.5;0.6364155251141552;0.5077413479052824;0.5648429584599798;40000;20000;6;2026-09-10_21:45:44
random_forest;0.6;0.6243124312431243;0.5168488160291439;0.5655206776283008;48000;20000;6;2026-09-10_21:45:54
random_forest;0.7;0.6306849315068493;0.5241347905282332;0.5724944043770207;56000;20000;6;2026-09-10_21:46:04
random_forest;0.8;0.6420581655480985;0.5227686703096539;0.5763052208835341;64000;20000;6;2026-09-10_21:46:13
random_forest;0.9;0.6464088397790055;0.5327868852459017;0.5841238142785822;72000;20000;6;2026-09-10_21:46:23
random_forest;1.0;0.6404371584699453;0.5336976320582878;0.5822155986090413;80000;20000;6;2026-09-10_21:46:33
random_forest;0.01;0.5162921348314606;0.418488160291439;0.4622736418511066;800;20000;7;2026-09-10_21:46:42
random_forest;0.05;0.5796610169491525;0.4672131147540984;0.5173978819969743;4000;20000;7;2026-09-10_21:46:51
random_forest;0.1;0.6151515151515151;0.4622040072859745;0.5278211128445138;8000;20000;7;2026-09-10_21:46:59
random_forest;0.2;0.6097010716300056;0.4922586520947176;0.54472159234064;16000;20000;7;2026-09-10_21:47:08
random_forest;0.3;0.6206503137478608;0.4954462659380692;0.551025576095214;24000;20000;7;2026-09-10_21:47:16
random_forest;0.4;0.6278938452851497;0.5063752276867031;0.5606251575497857;32000;20000;7;2026-09-10_21:47:25
random_forest;0.5;0.6483075157773953;0.5145719489981785;0.5737496826605738;40000;20000;7;2026-09-10_21:47:33
random_forest;0.6;0.6447592067988669;0.5182149362477231;0.5746023731380965;48000;20000;7;2026-09-10_21:47:42
random_forest;0.7;0.6477208778840743;0.5241347905282332;0.5794110244147999;56000;20000;7;2026-09-10_21:47:51
random_forest;0.8;0.6570936243538197;0.5209471766848816;0.5811531623063245;64000;20000;7;2026-09-10_21:48:00
random_forest;0.9;0.6456473214285714;0.5268670309653917;0.5802407221664996;72000;20000;7;2026-09-10_21:48:10
random_forest;1.0;0.6507495835646863;0.5336976320582878;0.5864398298724042;80000;20000;7;2026-09-10_21:48:19
random_forest;0.01;0.5152198421645998;0.4162112932604735;0.4604534005037783;800;20000;8;2026-09-10_21:48:29
random_forest;0.05;0.5680507497116494;0.4485428051001821;0.5012722646310432;4000;20000;8;2026-09-10_21:48:37
random_forest;0.1;0.5851602023608768;0.4740437158469945;0.5237735849056604;8000;20000;8;2026-09-10_21:48:45
random_forest;0.2;0.607043040804919;0.494535519125683;0.5450439146800502;16000;20000;8;2026-09-10_21:48:54
random_forest;0.3;0.6083877995642701;0.5086520947176685;0.5540674603174603;24000;20000;8;2026-09-10_21:49:02
random_forest;0.4;0.6214720531267294;0.511384335154827;0.5610791906070447;32000;20000;8;2026-09-10_21:49:10
random_forest;0.5;0.6359003397508494;0.511384335154827;0.5668854114083797;40000;20000;8;2026-09-10_21:49:19
random_forest;0.6;0.644870349492672;0.5209471766848816;0.5763224181360201;48000;20000;8;2026-09-10_21:49:28
random_forest;0.7;0.6412506856829402;0.5323315118397086;0.5817367504354317;56000;20000;8;2026-09-10_21:49:37
random_forest;0.8;0.65234375;0.5323315118397086;0.586258776328987;64000;20000;8;2026-09-10_21:49:46
random_forest;0.9;0.649357900614182;0.5295992714025501;0.5833960371206421;72000;20000;8;2026-09-10_21:49:56
random_forest;1.0;0.6500553709856035;0.5346083788706739;0.5867066466766616;80000;20000;8;2026-09-10_21:50:05
random_forest;0.01;0.5531353135313531;0.3816029143897996;0.451630288331986;800;20000;9;2026-09-10_21:50:14
random_forest;0.05;0.5818965517241379;0.430327868852459;0.4947643979057591;4000;20000;9;2026-09-10_21:50:23
random_forest;0.1;0.5984299516908212;0.4512750455373406;0.5145379023883697;8000;20000;9;2026-09-10_21:50:31
random_forest;0.2;0.6445141065830721;0.4681238615664845;0.5423371142178844;16000;20000;9;2026-09-10_21:50:39
random_forest;0.3;0.6392367322599881;0.48816029143898;0.5535760392460625;24000;20000;9;2026-09-10_21:50:47
random_forest;0.4;0.6447520184544406;0.5091074681238615;0.5689567430025444;32000;20000;9;2026-09-10_21:50:56
random_forest;0.5;0.6470923603192702;0.5168488160291439;0.5746835443037975;40000;20000;9;2026-09-10_21:51:05
random_forest;0.6;0.6452154448796866;0.5250455373406193;0.5789605824755211;48000;20000;9;2026-09-10_21:51:13
random_forest;0.7;0.6455203116304953;0.5282331511839709;0.5810167793638868;56000;20000;9;2026-09-10_21:51:22
random_forest;0.8;0.646604086140254;0.5332422586520947;0.5844771649613176;64000;20000;9;2026-09-10_21:51:32
random_forest;0.9;0.6450360510260676;0.5295992714025501;0.5816454113528382;72000;20000;9;2026-09-10_21:51:41
random_forest;1.0;0.6479338842975206;0.5355191256830601;0.5863874345549738;80000;20000;9;2026-09-10_21:51:50
random_forest;0.01;0.5300261096605744;0.4622040072859745;0.4937971296521528;800;20000;10;2026-09-10_21:52:00
random_forest;0.05;0.582579185520362;0.4690346083788707;0.5196770938446014;4000;20000;10;2026-09-10_21:52:08
random_forest;0.1;0.603586889301175;0.4444444444444444;0.5119328612640964;8000;20000;10;2026-09-10_21:52:16
random_forest;0.2;0.605277933745087;0.4908925318761384;0.5421171737490571;16000;20000;10;2026-09-10_21:52:25
random_forest;0.3;0.6132596685082873;0.505464480874317;0.5541687468796804;24000;20000;10;2026-09-10_21:52:33
random_forest;0.4;0.6215316315205327;0.5100182149362478;0.5602801400700351;32000;20000;10;2026-09-10_21:52:42
random_forest;0.5;0.6306256860592755;0.523224043715847;0.571926331508213;40000;20000;10;2026-09-10_21:52:50
random_forest;0.6;0.6405375139977604;0.5209471766848816;0.574585635359116;48000;20000;10;2026-09-10_21:52:59
random_forest;0.7;0.6446418656302054;0.5286885245901639;0.5809357017763322;56000;20000;10;2026-09-10_21:53:08
random_forest;0.8;0.646127755794234;0.5204918032786885;0.5765447667087011;64000;20000;10;2026-09-10_21:53:17
random_forest;0.9;0.6465909090909091;0.5182149362477231;0.5753286147623862;72000;20000;10;2026-09-10_21:53:27
random_forest;1.0;0.641832229580574;0.5295992714025501;0.5803393213572855;80000;20000;10;2026-09-10_21:53:36
random_forest;0.01;0.5709001233045623;0.4216757741347905;0.4850707176532216;800;20000;11;2026-09-10_21:53:46
random_forest;0.05;0.5844614479105356;0.4521857923497268;0.5098844672657252;4000;20000;11;2026-09-10_21:53:54
random_forest;0.1;0.5687066974595842;0.4485428051001821;0.5015274949083502;8000;20000;11;2026-09-10_21:54:02
random_forest;0.2;0.5942733657482442;0.5009107468123861;0.5436125525080305;16000;20000;11;2026-09-10_21:54:11
random_forest;0.3;0.6086956521739131;0.5227686703096539;0.5624693777560019;24000;20000;11;2026-09-10_21:54:19
random_forest;0.4;0.6309255079006773;0.5091074681238615;0.5635080645161291;32000;20000;11;2026-09-10_21:54:28
random_forest;0.5;0.6201298701298701;0.5218579234972678;0.5667655786350149;40000;20000;11;2026-09-10_21:54:37
random_forest;0.6;0.6324689966178129;0.5109289617486339;0.5652392947103274;48000;20000;11;2026-09-10_21:54:45
random_forest;0.7;0.6321014892443464;0.5218579234972678;0.5717136443003243;56000;20000;11;2026-09-10_21:54:54
random_forest;0.8;0.6339285714285714;0.517304189435337;0.5697091273821464;64000;20000;11;2026-09-10_21:55:04
random_forest;0.9;0.6432584269662921;0.5214025500910747;0.5759557344064387;72000;20000;11;2026-09-10_21:55:13
random_forest;1.0;0.6489773355444998;0.5346083788706739;0.586267166042447;80000;20000;11;2026-09-10_21:55:23
random_forest;0.01;0.5420624151967436;0.3638433515482696;0.4354223433242506;800;20000;12;2026-09-10_21:55:33
random_forest;0.05;0.5893285371702638;0.447632058287796;0.5087991718426501;4000;20000;12;2026-09-10_21:55:41
random_forest;0.1;0.5854922279792746;0.4631147540983606;0.5171624713958811;8000;20000;12;2026-09-10_21:55:50
random_forest;0.2;0.6242532855436081;0.4758652094717668;0.5400516795865633;16000;20000;12;2026-09-10_21:55:58
random_forest;0.3;0.6182126696832579;0.4977231329690346;0.5514631685166498;24000;20000;12;2026-09-10_21:56:07
random_forest;0.4;0.613649182177101;0.4954462659380692;0.5482489292013102;32000;20000;12;2026-09-10_21:56:15
random_forest;0.5;0.6268992684299382;0.5072859744990893;0.5607853007802669;40000;20000;12;2026-09-10_21:56:24
random_forest;0.6;0.6359525155455059;0.5122950819672131;0.5674653215636822;48000;20000;12;2026-09-10_21:56:33
random_forest;0.7;0.6410990269032627;0.5100182149362478;0.5680953588638094;56000;20000;12;2026-09-10_21:56:42
random_forest;0.8;0.6422487223168655;0.5150273224043715;0.5716451857467779;64000;20000;12;2026-09-10_21:56:51
random_forest;0.9;0.6400223588596982;0.5214025500910747;0.57465495608532;72000;20000;12;2026-09-10_21:57:01
random_forest;1.0;0.6494960806270996;0.5282331511839709;0.5826217980914113;80000;20000;12;2026-09-10_21:57:10
random_forest;0.01;0.5583864118895966;0.3592896174863388;0.4372402327514547;800;20000;13;2026-09-10_21:57:20
random_forest;0.05;0.5922093730979915;0.4430783242258652;0.5069028392810628;4000;20000;13;2026-09-10_21:57:28
random_forest;0.1;0.5822222222222222;0.4772313296903461;0.5245245245245245;8000;20000;13;2026-09-10_21:57:36
random_forest;0.2;0.6194638694638694;0.4840619307832423;0.5434560327198363;16000;20000;13;2026-09-10_21:57:44
random_forest;0.3;0.6180232558139535;0.4840619307832423;0.5429009193054136;24000;20000;13;2026-09-10_21:57:53
random_forest;0.4;0.6130653266331658;0.5;0.5507900677200903;32000;20000;13;2026-09-10_21:58:01
random_forest;0.5;0.6266891891891891;0.5068306010928961;0.5604229607250755;40000;20000;13;2026-09-10_21:58:10
random_forest;0.6;0.6422764227642277;0.5036429872495446;0.5645737621235324;48000;20000;13;2026-09-10_21:58:19
random_forest;0.7;0.6477011494252873;0.5132058287795993;0.5726626016260162;56000;20000;13;2026-09-10_21:58:28
random_forest;0.8;0.6415612974161627;0.5314207650273224;0.5813200498132004;64000;20000;13;2026-09-10_21:58:37
random_forest;0.9;0.639425731639978;0.5273224043715847;0.5779885200898429;72000;20000;13;2026-09-10_21:58:46
random_forest;1.0;0.6437980241492866;0.5341530054644809;0.5838725734196117;80000;20000;13;2026-09-10_21:58:56
random_forest;0.01;0.5554231227651967;0.424408014571949;0.4811564274651523;800;20000;14;2026-09-10_21:59:05
random_forest;0.05;0.5730205278592375;0.4448998178506375;0.5008972058446551;4000;20000;14;2026-09-10_21:59:13
random_forest;0.1;0.6055045871559633;0.4808743169398907;0.5360406091370559;8000;20000;14;2026-09-10_21:59:21
random_forest;0.2;0.6077994428969359;0.4968123861566484;0.546730142821348;16000;20000;14;2026-09-10_21:59:29
random_forest;0.3;0.6063947078280044;0.5009107468123861;0.5486284289276808;24000;20000;14;2026-09-10_21:59:38
random_forest;0.4;0.6076632487857528;0.5127504553734062;0.5561867127685849;32000;20000;14;2026-09-10_21:59:47
random_forest;0.5;0.6284916201117319;0.5122950819672131;0.5644756648268942;40000;20000;14;2026-09-10_21:59:55
random_forest;0.6;0.6426953567383918;0.5168488160291439;0.5729429581019686;48000;20000;14;2026-09-10_22:00:04
random_forest;0.7;0.6352617079889807;0.5250455373406193;0.5749189728247319;56000;20000;14;2026-09-10_22:00:13
random_forest;0.8;0.6460519050248481;0.5327868852459017;0.5839780384327427;64000;20000;14;2026-09-10_22:00:22
random_forest;0.9;0.6483027267668336;0.5305100182149363;0.5835211620335587;72000;20000;14;2026-09-10_22:00:32
random_forest;1.0;0.647486033519553;0.5277777777777778;0.5815353738083291;80000;20000;14;2026-09-10_22:00:41
random_forest;0.01;0.6022353714661407;0.4171220400728597;0.4928705945655098;800;20000;15;2026-09-10_22:00:51
random_forest;0.05;0.5508428493746601;0.4612932604735883;0.5021065675340768;4000;20000;15;2026-09-10_22:00:59
random_forest;0.1;0.5869803063457331;0.488615664845173;0.5333001988071571;8000;20000;15;2026-09-10_22:01:07
random_forest;0.2;0.6222980659840728;0.4981785063752277;0.5533636823469904;16000;20000;15;2026-09-10_22:01:15
random_forest;0.3;0.6387133831131534;0.5063752276867031;0.5648971297942597;24000;20000;15;2026-09-10_22:01:24
random_forest;0.4;0.6208017334777898;0.5218579234972678;0.5670460168233548;32000;20000;15;2026-09-10_22:01:32
random_forest;0.5;0.6314317673378076;0.5141165755919854;0.5667670682730923;40000;20000;15;2026-09-10_22:01:41
random_forest;0.6;0.6422535211267606;0.5191256830601093;0.5741626794258374;48000;20000;15;2026-09-10_22:01:50
random_forest;0.7;0.6393989983305509;0.523224043715847;0.5755071374906086;56000;20000;15;2026-09-10_22:01:59
random_forest;0.8;0.6440582959641256;0.523224043715847;0.5773869346733668;64000;20000;15;2026-09-10_22:02:08
random_forest;0.9;0.6410398230088495;0.5277777777777778;0.5789210789210789;72000;20000;15;2026-09-10_22:02:17
random_forest;1.0;0.6526912181303116;0.5245901639344263;0.581671295127493;80000;20000;15;2026-09-10_22:02:26
random_forest;0.01;0.5873944119558154;0.4116575591985428;0.4840696117804551;800;20000;16;2026-09-10_22:02:36
random_forest;0.05;0.614314115308151;0.4221311475409836;0.500404858299595;4000;20000;16;2026-09-10_22:02:45
random_forest;0.1;0.5907407407407408;0.4357923497267759;0.5015723270440251;8000;20000;16;2026-09-10_22:02:53
random_forest;0.2;0.6030444964871194;0.4690346083788707;0.5276639344262295;16000;20000;16;2026-09-10_22:03:01
random_forest;0.3;0.6043771043771043;0.4904371584699453;0.5414781297134238;24000;20000;16;2026-09-10_22:03:09
random_forest;0.4;0.6068928379106086;0.5132058287795993;0.5561312607944732;32000;20000;16;2026-09-10_22:03:18
random_forest;0.5;0.6231182795698925;0.5277777777777778;0.5714990138067062;40000;20000;16;2026-09-10_22:03:27
random_forest;0.6;0.6256742179072277;0.5282331511839709;0.5728395061728395;48000;20000;16;2026-09-10_22:03:36
random_forest;0.7;0.6293668122270742;0.5250455373406193;0.5724925521350546;56000;20000;16;2026-09-10_22:03:45
random_forest;0.8;0.6340797378481704;0.5286885245901639;0.5766078966972932;64000;20000;16;2026-09-10_22:03:54
random_forest;0.9;0.6471922858763471;0.5195810564663024;0.5764081838848194;72000;20000;16;2026-09-10_22:04:03
random_forest;1.0;0.6478717523493643;0.5336976320582878;0.5852684144818977;80000;20000;16;2026-09-10_22:04:13
random_forest;0.01;0.512807881773399;0.4740437158469945;0.4926644581164222;800;20000;17;2026-09-10_22:04:22
random_forest;0.05;0.5774811375507836;0.4530965391621129;0.5077825976014291;4000;20000;17;2026-09-10_22:04:30
random_forest;0.1;0.5855338691159586;0.4644808743169399;0.5180294565769425;8000;20000;17;2026-09-10_22:04:38
random_forest;0.2;0.6027624309392265;0.4968123861566484;0.544682975536695;16000;20000;17;2026-09-10_22:04:47
random_forest;0.3;0.6345062429057888;0.5091074681238615;0.5649317837291561;24000;20000;17;2026-09-10_22:04:56
random_forest;0.4;0.6342566421707179;0.5109289617486339;0.565952080706179;32000;20000;17;2026-09-10_22:05:05
random_forest;0.5;0.6319681456200228;0.50591985428051;0.561962569549823;40000;20000;17;2026-09-10_22:05:14
random_forest;0.6;0.6371730662214803;0.5214025500910747;0.573503631354871;48000;20000;17;2026-09-10_22:05:23
random_forest;0.7;0.641340782122905;0.5227686703096539;0.5760160561966885;56000;20000;17;2026-09-10_22:05:32
random_forest;0.8;0.6346362649294245;0.5323315118397086;0.5789995047052996;64000;20000;17;2026-09-10_22:05:42
random_forest;0.9;0.6382627817482133;0.5286885245901639;0.5783312577833125;72000;20000;17;2026-09-10_22:05:51
random_forest;1.0;0.649025069637883;0.5305100182149363;0.5838135805562517;80000;20000;17;2026-09-10_22:06:01
random_forest;0.01;0.5660112359550562;0.3670309653916211;0.4453038674033149;800;20000;18;2026-09-10_22:06:11
random_forest;0.05;0.5415766738660908;0.4567395264116575;0.4955533596837944;4000;20000;18;2026-09-10_22:06:20
random_forest;0.1;0.5778491171749599;0.4918032786885246;0.5313653136531366;8000;20000;18;2026-09-10_22:06:28
random_forest;0.2;0.6152999449642268;0.5091074681238615;0.5571891353102417;16000;20000;18;2026-09-10_22:06:36
random_forest;0.3;0.6262626262626263;0.5081967213114754;0.5610859728506787;24000;20000;18;2026-09-10_22:06:45
random_forest;0.4;0.6126027397260274;0.5091074681238615;0.5560805769709026;32000;20000;18;2026-09-10_22:06:54
random_forest;0.5;0.6287793952967525;0.511384335154827;0.5640381717729784;40000;20000;18;2026-09-10_22:07:03
random_forest;0.6;0.632821075740944;0.5250455373406193;0.5739173718267796;48000;20000;18;2026-09-10_22:07:12
random_forest;0.7;0.6316353887399464;0.5364298724954463;0.5801526717557252;56000;20000;18;2026-09-10_22:07:22
random_forest;0.8;0.6423841059602649;0.5300546448087432;0.5808383233532936;64000;20000;18;2026-09-10_22:07:31
random_forest;0.9;0.6516666666666666;0.5341530054644809;0.587087087087087;72000;20000;18;2026-09-10_22:07:40
random_forest;1.0;0.6428571428571429;0.5286885245901639;0.5802098950524738;80000;20000;18;2026-09-10_22:07:50
random_forest;0.01;0.508008008008008;0.4622040072859745;0.4840247973295183;800;20000;19;2026-09-10_22:08:00
random_forest;0.05;0.5713479977439369;0.4612932604735883;0.5104560342655582;4000;20000;19;2026-09-10_22:08:08
random_forest;0.1;0.60011641443539;0.4694899817850637;0.5268267756770567;8000;20000;19;2026-09-10_22:08:16
random_forest;0.2;0.6127423822714682;0.5036429872495446;0.5528617845538616;16000;20000;19;2026-09-10_22:08:25
random_forest;0.3;0.6116666666666667;0.5013661202185792;0.551051051051051;24000;20000;19;2026-09-10_22:08:33
random_forest;0.4;0.6340378197997776;0.5191256830601093;0.57085628442664;32000;20000;19;2026-09-10_22:08:42
random_forest;0.5;0.6312910284463895;0.5255009107468124;0.573558648111332;40000;20000;19;2026-09-10_22:08:51
random_forest;0.6;0.6326086956521739;0.5300546448087432;0.5768087215064421;48000;20000;19;2026-09-10_22:09:00
random_forest;0.7;0.6397820163487739;0.5346083788706739;0.5824857355494916;56000;20000;19;2026-09-10_22:09:09
random_forest;0.8;0.64501679731243;0.5245901639344263;0.5786037167252637;64000;20000;19;2026-09-10_22:09:18
random_forest;0.9;0.6472237801458216;0.5255009107468124;0.5800452374968585;72000;20000;19;2026-09-10_22:09:28
random_forest;1.0;0.6454445664105378;0.5355191256830601;0.5853658536585367;80000;20000;19;2026-09-10_22:09:37
random_forest;0.01;0.6499189627228525;0.3652094717668488;0.4676384839650146;800;20000;20;2026-09-10_22:09:47
random_forest;0.05;0.6089901477832512;0.4503642987249545;0.5178010471204189;4000;20000;20;2026-09-10_22:09:56
random_forest;0.1;0.6054087277197295;0.4485428051001821;0.5153021187549045;8000;20000;20;2026-09-10_22:10:04
random_forest;0.2;0.5989731888191672;0.4781420765027322;0.531780197518359;16000;20000;20;2026-09-10_22:10:12
random_forest;0.3;0.6220697541452258;0.4954462659380692;0.5515842839036755;24000;20000;20;2026-09-10_22:10:21
random_forest;0.4;0.6156424581005586;0.5018214936247724;0.5529352734570999;32000;20000;20;2026-09-10_22:10:30
random_forest;0.5;0.6392045454545454;0.5122950819672131;0.5687563195146612;40000;20000;20;2026-09-10_22:10:38
random_forest;0.6;0.6430167597765363;0.5241347905282332;0.5775213246362269;48000;20000;20;2026-09-10_22:10:47
random_forest;0.7;0.6411111111111111;0.5255009107468124;0.5775775775775776;56000;20000;20;2026-09-10_22:10:56
random_forest;0.8;0.6354733405875952;0.5318761384335154;0.5790778383738225;64000;20000;20;2026-09-10_22:11:06
random_forest;0.9;0.6417582417582418;0.5318761384335154;0.5816733067729083;72000;20000;20;2026-09-10_22:11:15
random_forest;1.0;0.6515986769570011;0.5382513661202186;0.5895261845386534;80000;20000;20;2026-09-10_22:11:25
random_forest;0.01;0.5571955719557196;0.412568306010929;0.4740973312401884;800;20000;21;2026-09-10_22:11:34
random_forest;0.05;0.5611587982832618;0.4763205828779599;0.515270935960591;4000;20000;21;2026-09-10_22:11:42
random_forest;0.1;0.5912762520193862;0.5;0.5418208734270911;8000;20000;21;2026-09-10_22:11:51
random_forest;0.2;0.612707182320442;0.5050091074681239;0.5536694957563655;16000;20000;21;2026-09-10_22:11:59
random_forest;0.3;0.6356769320162696;0.4981785063752277;0.5585907582333418;24000;20000;21;2026-09-10_22:12:08
random_forest;0.4;0.6445578231292517;0.51775956284153;0.5742424242424241;32000;20000;21;2026-09-10_22:12:17
random_forest;0.5;0.6438053097345132;0.5300546448087432;0.5814185814185815;40000;20000;21;2026-09-10_22:12:26
random_forest;0.6;0.6415198237885462;0.5305100182149363;0.5807577268195414;48000;20000;21;2026-09-10_22:12:35
random_forest;0.7;0.6299126637554585;0.5255009107468124;0.5729890764647467;56000;20000;21;2026-09-10_22:12:45
random_forest;0.8;0.6391018619934282;0.5314207650273224;0.5803083043262058;64000;20000;21;2026-09-10_22:12:55
random_forest;0.9;0.6414058209774849;0.5318761384335154;0.581528503858601;72000;20000;21;2026-09-10_22:13:05
random_forest;1.0;0.646831955922865;0.5346083788706739;0.5853901770132137;80000;20000;21;2026-09-10_22:13:15
random_forest;0.01;0.5766526019690577;0.3734061930783242;0.4532891100055279;800;20000;22;2026-09-10_22:13:25
random_forest;0.05;0.5555555555555556;0.4576502732240437;0.50187265917603;4000;20000;22;2026-09-10_22:13:34
random_forest;0.1;0.5951859956236324;0.4954462659380692;0.5407554671968191;8000;20000;22;2026-09-10_22:13:43
random_forest;0.2;0.6097560975609756;0.5009107468123861;0.55;16000;20000;22;2026-09-10_22:13:52
random_forest;0.3;0.6180709534368071;0.5077413479052824;0.5575;24000;20000;22;2026-09-10_22:14:01
random_forest;0.4;0.614418350628072;0.5122950819672131;0.5587285820710206;32000;20000;22;2026-09-10_22:14:10
random_forest;0.5;0.6382618510158014;0.5150273224043715;0.5700604838709677;40000;20000;22;2026-09-10_22:14:20
random_forest;0.6;0.6463276836158192;0.5209471766848816;0.5769036812909731;48000;20000;22;2026-09-10_22:14:29
random_forest;0.7;0.6497490239821528;0.5305100182149363;0.5841062923038356;56000;20000;22;2026-09-10_22:14:38
random_forest;0.8;0.6493649917172832;0.5355191256830601;0.5869727976041926;64000;20000;22;2026-09-10_22:14:48
random_forest;0.9;0.6392370572207084;0.5341530054644809;0.5819895807491937;72000;20000;22;2026-09-10_22:14:58
random_forest;1.0;0.6488888888888888;0.5318761384335154;0.5845845845845845;80000;20000;22;2026-09-10_22:15:08
random_forest;0.01;0.5473808122424956;0.4234972677595628;0.4775353016688062;800;20000;23;2026-09-10_22:15:17
random_forest;0.05;0.559931506849315;0.4467213114754098;0.4969604863221885;4000;20000;23;2026-09-10_22:15:26
random_forest;0.1;0.5748281332628239;0.4949908925318761;0.5319305113775386;8000;20000;23;2026-09-10_22:15:35
random_forest;0.2;0.5980121479845389;0.4931693989071038;0.5405540304467182;16000;20000;23;2026-09-10_22:15:44
random_forest;0.3;0.6185845488924906;0.5214025500910747;0.5658512478379046;24000;20000;23;2026-09-10_22:15:52
random_forest;0.4;0.6184846856528748;0.5241347905282332;0.5674143455755485;32000;20000;23;2026-09-10_22:16:01
random_forest;0.5;0.6197490452809602;0.517304189435337;0.5639116406056094;40000;20000;23;2026-09-10_22:16:11
random_forest;0.6;0.6319867183176535;0.5200364298724954;0.57057207094679;48000;20000;23;2026-09-10_22:16:20
random_forest;0.7;0.6383682469680264;0.5273224043715847;0.5775561097256857;56000;20000;23;2026-09-10_22:16:29
random_forest;0.8;0.6417344173441735;0.5391621129326047;0.5859935659490225;64000;20000;23;2026-09-10_22:16:39
random_forest;0.9;0.6476399560922064;0.5373406193078324;0.5873568939771031;72000;20000;23;2026-09-10_22:16:48
random_forest;1.0;0.6473509933774835;0.5341530054644809;0.5853293413173652;80000;20000;23;2026-09-10_22:16:58
random_forest;0.01;0.5327823691460055;0.4403460837887067;0.4821740214410371;800;20000;24;2026-09-10_22:17:07
random_forest;0.05;0.5788508557457213;0.4312386156648451;0.494258872651357;4000;20000;24;2026-09-10_22:17:16
random_forest;0.1;0.5853521126760564;0.4731329690346084;0.5232938806346008;8000;20000;24;2026-09-10_22:17:25
random_forest;0.2;0.6037321624588364;0.5009107468123861;0.547536087605774;16000;20000;24;2026-09-10_22:17:34
random_forest;0.3;0.6087680355160933;0.4995446265938069;0.5487743871935968;24000;20000;24;2026-09-10_22:17:42
random_forest;0.4;0.6356725146198831;0.4949908925318761;0.5565796210957501;32000;20000;24;2026-09-10_22:17:52
random_forest;0.5;0.6309184255561894;0.5036429872495446;0.5601418080526716;40000;20000;24;2026-09-10_22:18:01
random_forest;0.6;0.6366723259762309;0.5122950819672131;0.5677517032551098;48000;20000;24;2026-09-10_22:18:10
random_forest;0.7;0.6368131868131868;0.5277777777777778;0.577191235059761;56000;20000;24;2026-09-10_22:18:19
random_forest;0.8;0.6436024162548051;0.5336976320582878;0.5835200398307194;64000;20000;24;2026-09-10_22:18:28
random_forest;0.9;0.6434830230010953;0.535063752276867;0.5842864246643461;72000;20000;24;2026-09-10_22:18:37
random_forest;1.0;0.6562325321408609;0.5346083788706739;0.5892095357590966;80000;20000;24;2026-09-10_22:18:47
random_forest;0.01;0.4948320413436692;0.348816029143898;0.4091880341880342;800;20000;25;2026-09-10_22:18:56
random_forest;0.05;0.5691699604743083;0.4590163934426229;0.5081925888580792;4000;20000;25;2026-09-10_22:19:05
random_forest;0.1;0.5844952593418851;0.4772313296903461;0.5254449736776134;8000;20000;25;2026-09-10_22:19:13
random_forest;0.2;0.6037016875340229;0.5050091074681239;0.5499628068435408;16000;20000;25;2026-09-10_22:19:22
random_forest;0.3;0.629881154499151;0.5068306010928961;0.5616956850870551;24000;20000;25;2026-09-10_22:19:30
random_forest;0.4;0.6258351893095768;0.51183970856102;0.56312625250501;32000;20000;25;2026-09-10_22:19:39
random_forest;0.5;0.6246482836240855;0.505464480874317;0.558771709035993;40000;20000;25;2026-09-10_22:19:48
random_forest;0.6;0.6360045146726863;0.5132058287795993;0.5680443548387096;48000;20000;25;2026-09-10_22:19:57
random_forest;0.7;0.6350896860986547;0.5159380692167578;0.5693467336683417;56000;20000;25;2026-09-10_22:20:06
random_forest;0.8;0.6463834672789897;0.5127504553734062;0.5718638902996445;64000;20000;25;2026-09-10_22:20:15
random_forest;0.9;0.6508205998868138;0.52367941712204;0.5803684077718899;72000;20000;25;2026-09-10_22:20:25
random_forest;1.0;0.6444444444444445;0.5282331511839709;0.5805805805805807;80000;20000;25;2026-09-10_22:20:34
random_forest;0.01;0.5468208092485549;0.4307832422586521;0.4819154355578196;800;20000;26;2026-09-10_22:20:44
random_forest;0.05;0.5941853422168383;0.4467213114754098;0.5100077982843775;4000;20000;26;2026-09-10_22:20:52
random_forest;0.1;0.6036088474970897;0.4722222222222222;0.5298926928972918;8000;20000;26;2026-09-10_22:21:00
random_forest;0.2;0.5949295774647887;0.4808743169398907;0.5318559556786704;16000;20000;26;2026-09-10_22:21:09
random_forest;0.3;0.6138279932546374;0.4972677595628415;0.5494339622641509;24000;20000;26;2026-09-10_22:21:17
random_forest;0.4;0.6273083379966424;0.5104735883424408;0.5628922922420286;32000;20000;26;2026-09-10_22:21:26
random_forest;0.5;0.629587803500847;0.5077413479052824;0.5621376354928158;40000;20000;26;2026-09-10_22:21:34
random_forest;0.6;0.6328082563824009;0.5305100182149363;0.5771612583601685;48000;20000;26;2026-09-10_22:21:43
random_forest;0.7;0.635815991237678;0.5286885245901639;0.5773247140726007;56000;20000;26;2026-09-10_22:21:52
random_forest;0.8;0.6328767123287671;0.5259562841530054;0.5744839592141259;64000;20000;26;2026-09-10_22:22:02
random_forest;0.9;0.6495821727019498;0.5309653916211293;0.5843147080932097;72000;20000;26;2026-09-10_22:22:11
random_forest;1.0;0.6497797356828194;0.5373406193078324;0.5882352941176471;80000;20000;26;2026-09-10_22:22:21
random_forest;0.01;0.5352941176470588;0.4558287795992714;0.4923757993113625;800;20000;27;2026-09-10_22:22:31
random_forest;0.05;0.5619742007851934;0.4562841530054645;0.5036441316913797;4000;20000;27;2026-09-10_22:22:39
random_forest;0.1;0.5762809441565918;0.4558287795992714;0.509026188660056;8000;20000;27;2026-09-10_22:22:47
random_forest;0.2;0.5989932885906041;0.4877049180327868;0.5376506024096385;16000;20000;27;2026-09-10_22:22:56
random_forest;0.3;0.6112064036592338;0.4867941712204007;0.5419518377693282;24000;20000;27;2026-09-10_22:23:04
random_forest;0.4;0.6179219351291919;0.51183970856102;0.5599003735990037;32000;20000;27;2026-09-10_22:23:13
random_forest;0.5;0.625879805089334;0.5264116575591985;0.571852584714321;40000;20000;27;2026-09-10_22:23:21
random_forest;0.6;0.6386696730552424;0.5159380692167578;0.5707808564231738;48000;20000;27;2026-09-10_22:23:30
random_forest;0.7;0.6500566251415628;0.5227686703096539;0.5795053003533569;56000;20000;27;2026-09-10_22:23:39
random_forest;0.8;0.646503884572697;0.5305100182149363;0.582791395697849;64000;20000;27;2026-09-10_22:23:49
random_forest;0.9;0.6529933481152993;0.5364298724954463;0.5890000000000001;72000;20000;27;2026-09-10_22:23:58
random_forest;1.0;0.6462472406181016;0.5332422586520947;0.5843313373253494;80000;20000;27;2026-09-10_22:24:07
random_forest;0.01;0.5538184004810583;0.4193989071038251;0.4773257320549365;800;20000;28;2026-09-10_22:24:17
random_forest;0.05;0.5483193277310925;0.4754098360655737;0.5092682926829267;4000;20000;28;2026-09-10_22:24:25
random_forest;0.1;0.5650741350906096;0.4685792349726776;0.5123226288274831;8000;20000;28;2026-09-10_22:24:33
random_forest;0.2;0.5897161221210498;0.5013661202185792;0.5419640659611126;16000;20000;28;2026-09-10_22:24:41
random_forest;0.3;0.6060773480662983;0.4995446265938069;0.5476784822765851;24000;20000;28;2026-09-10_22:24:50
random_forest;0.4;0.6054535336672231;0.4954462659380692;0.5449536689206111;32000;20000;28;2026-09-10_22:24:59
random_forest;0.5;0.6237513873473918;0.51183970856102;0.5622811405702852;40000;20000;28;2026-09-10_22:25:07
random_forest;0.6;0.6188637617209046;0.5109289617486339;0.5597405836867049;48000;20000;28;2026-09-10_22:25:16
random_forest;0.7;0.6316088686753838;0.50591985428051;0.5618204804045511;56000;20000;28;2026-09-10_22:25:25
random_forest;0.8;0.6481159420289855;0.5091074681238615;0.570262688089773;64000;20000;28;2026-09-10_22:25:35
random_forest;0.9;0.6550169109357384;0.529143897996357;0.5853904282115869;72000;20000;28;2026-09-10_22:25:44
random_forest;1.0;0.6468646864686468;0.5355191256830601;0.5859491778774291;80000;20000;28;2026-09-10_22:25:54
random_forest;0.01;0.5064864864864865;0.4266848816029144;0.463173504695996;800;20000;29;2026-09-10_22:26:04
random_forest;0.05;0.5884184308841843;0.430327868852459;0.4971067859021568;4000;20000;29;2026-09-10_22:26:13
random_forest;0.1;0.6047477744807122;0.4640255009107468;0.5251223911363051;8000;20000;29;2026-09-10_22:26:22
random_forest;0.2;0.6224899598393574;0.49408014571949;0.550901243970551;16000;20000;29;2026-09-10_22:26:31
random_forest;0.3;0.6355404640633843;0.511384335154827;0.5667423668937673;24000;20000;29;2026-09-10_22:26:40
random_forest;0.4;0.6245231607629428;0.5218579234972678;0.568593401141156;32000;20000;29;2026-09-10_22:26:49
random_forest;0.5;0.6470588235294118;0.5259562841530054;0.5802562170308968;40000;20000;29;2026-09-10_22:26:58
random_forest;0.6;0.6380741560597676;0.5250455373406193;0.5760679490382213;48000;20000;29;2026-09-10_22:27:07
random_forest;0.7;0.6436081903707803;0.5295992714025501;0.5810642018486136;56000;20000;29;2026-09-10_22:27:17
random_forest;0.8;0.6413755458515283;0.535063752276867;0.583416087388282;64000;20000;29;2026-09-10_22:27:26
random_forest;0.9;0.6481069042316259;0.5300546448087432;0.5831663326653307;72000;20000;29;2026-09-10_22:27:35
random_forest;1.0;0.6528787031861375;0.5318761384335154;0.586198243412798;80000;20000;29;2026-09-10_22:27:45
random_forest;0.01;0.565772669220945;0.4034608378870674;0.4710260499734183;800;20000;30;2026-09-10_22:27:55
random_forest;0.05;0.5917123705057892;0.442167577413479;0.5061245764920512;4000;20000;30;2026-09-10_22:28:03
random_forest;0.1;0.6080340839926963;0.4549180327868852;0.5204480333420161;8000;20000;30;2026-09-10_22:28:11
random_forest;0.2;0.6229885057471264;0.4936247723132969;0.5508130081300813;16000;20000;30;2026-09-10_22:28:20
random_forest;0.3;0.6188340807174888;0.5027322404371585;0.5547738693467337;24000;20000;30;2026-09-10_22:28:28
random_forest;0.4;0.6199445983379501;0.5095628415300546;0.5593601599600099;32000;20000;30;2026-09-10_22:28:37
random_forest;0.5;0.6215005599104143;0.505464480874317;0.5575087895529883;40000;20000;30;2026-09-10_22:28:45
random_forest;0.6;0.6306504961411246;0.5209471766848816;0.5705735660847879;48000;20000;30;2026-09-10_22:28:55
random_forest;0.7;0.6292682926829268;0.5286885245901639;0.5746102449888641;56000;20000;30;2026-09-10_22:29:05
random_forest;0.8;0.638215859030837;0.5277777777777778;0.577766699900299;64000;20000;30;2026-09-10_22:29:14
random_forest;0.9;0.633972602739726;0.5268670309653917;0.5754787366326785;72000;20000;30;2026-09-10_22:29:23
random_forest;1.0;0.6454940282301845;0.5414389799635702;0.5889053987122337;80000;20000;30;2026-09-10_22:29:33
random_forest;0.01;0.5589953271028038;0.4357923497267759;0.4897645854657114;800;20000;31;2026-09-10_22:29:42
random_forest;0.05;0.5805892547660312;0.4576502732240437;0.5118411000763943;4000;20000;31;2026-09-10_22:29:51
random_forest;0.1;0.5908059023836549;0.4740437158469945;0.5260232440626579;8000;20000;31;2026-09-10_22:29:59
random_forest;0.2;0.5884244372990354;0.5;0.5406203840472673;16000;20000;31;2026-09-10_22:30:07
random_forest;0.3;0.5900852878464818;0.5040983606557377;0.543713163064833;24000;20000;31;2026-09-10_22:30:16
random_forest;0.4;0.6063941299790356;0.5268670309653917;0.5638401559454191;32000;20000;31;2026-09-10_22:30:25
random_forest;0.5;0.6168174560936669;0.5277777777777778;0.5688343558282208;40000;20000;31;2026-09-10_22:30:33
random_forest;0.6;0.6318622174381054;0.5346083788706739;0.57918105574741;48000;20000;31;2026-09-10_22:30:43
random_forest;0.7;0.6456953642384106;0.5327868852459017;0.5838323353293414;56000;20000;31;2026-09-10_22:30:52
random_forest;0.8;0.6485447556287754;0.5377959927140255;0.588000995767986;64000;20000;31;2026-09-10_22:31:01
random_forest;0.9;0.637987012987013;0.5368852459016393;0.5830860534124629;72000;20000;31;2026-09-10_22:31:11
random_forest;1.0;0.6510329424902289;0.5309653916211293;0.5849009280160521;80000;20000;31;2026-09-10_22:31:20
random_forest;0.01;0.5344611528822055;0.3884335154826958;0.4498945147679326;800;20000;32;2026-09-10_22:31:30
random_forest;0.05;0.55859375;0.4558287795992714;0.5020060180541625;4000;20000;32;2026-09-10_22:31:38
random_forest;0.1;0.586483390607102;0.4663023679417122;0.5195332318619991;8000;20000;32;2026-09-10_22:31:47
random_forest;0.2;0.5976095617529881;0.4781420765027322;0.5312420946116874;16000;20000;32;2026-09-10_22:31:55
random_forest;0.3;0.6204337899543378;0.4949908925318761;0.5506585612968591;24000;20000;32;2026-09-10_22:32:04
random_forest;0.4;0.6132963988919667;0.5040983606557377;0.5533616595851037;32000;20000;32;2026-09-10_22:32:13
random_forest;0.5;0.6096079514080619;0.5027322404371585;0.5510356875467932;40000;20000;32;2026-09-10_22:32:21
random_forest;0.6;0.6231071228266966;0.50591985428051;0.5584317667755718;48000;20000;32;2026-09-10_22:32:30
random_forest;0.7;0.6309921962095875;0.5154826958105647;0.5674185463659148;56000;20000;32;2026-09-10_22:32:39
random_forest;0.8;0.6281489594742606;0.5223132969034608;0.5703630034808553;64000;20000;32;2026-09-10_22:32:49
random_forest;0.9;0.6432616081540203;0.517304189435337;0.5734477536597677;72000;20000;32;2026-09-10_22:32:58
random_forest;1.0;0.6497267759562841;0.5414389799635702;0.5906607054148038;80000;20000;32;2026-09-10_22:33:08
random_forest;0.01;0.5215827338129496;0.4622040072859745;0.4901014002897151;800;20000;33;2026-09-10_22:33:17
random_forest;0.05;0.5730832873690016;0.4731329690346084;0.5183337490646046;4000;20000;33;2026-09-10_22:33:26
random_forest;0.1;0.5903279599777654;0.4836065573770491;0.5316645807259074;8000;20000;33;2026-09-10_22:33:34
random_forest;0.2;0.6078326180257511;0.5159380692167578;0.5581280788177341;16000;20000;33;2026-09-10_22:33:42
random_forest;0.3;0.6174568965517241;0.5218579234972678;0.5656465942744323;24000;20000;33;2026-09-10_22:33:51
random_forest;0.4;0.6301994301994301;0.5036429872495446;0.559858263730701;32000;20000;33;2026-09-10_22:34:00
random_forest;0.5;0.6424485125858124;0.511384335154827;0.56947261663286;40000;20000;33;2026-09-10_22:34:09
random_forest;0.6;0.6402714932126696;0.5154826958105647;0.5711402623612513;48000;20000;33;2026-09-10_22:34:18
random_forest;0.7;0.6455696202531646;0.5109289617486339;0.5704117946110829;56000;20000;33;2026-09-10_22:34:27
random_forest;0.8;0.6415201361315939;0.5150273224043715;0.571356403132104;64000;20000;33;2026-09-10_22:34:36
random_forest;0.9;0.6452328159645233;0.5300546448087432;0.5820000000000001;72000;20000;33;2026-09-10_22:34:45
random_forest;1.0;0.6468609865470852;0.5255009107468124;0.5798994974874372;80000;20000;33;2026-09-10_22:34:55
random_forest;0.01;0.555;0.4549180327868852;0.5;800;20000;34;2026-09-10_22:35:04
random_forest;0.05;0.5822349570200573;0.4626593806921675;0.51560517635118;4000;20000;34;2026-09-10_22:35:12
random_forest;0.1;0.5816164817749604;0.5013661202185792;0.5385179750550256;8000;20000;34;2026-09-10_22:35:21
random_forest;0.2;0.5938189845474614;0.4899817850637523;0.5369261477045908;16000;20000;34;2026-09-10_22:35:29
random_forest;0.3;0.605078336034576;0.5100182149362478;0.5534964170990858;24000;20000;34;2026-09-10_22:35:38
random_forest;0.4;0.6194240542066629;0.4995446265938069;0.5530627678346357;32000;20000;34;2026-09-10_22:35:46
random_forest;0.5;0.6316964285714286;0.5154826958105647;0.5677031093279841;40000;20000;34;2026-09-10_22:35:55
random_forest;0.6;0.6289517470881864;0.5163934426229508;0.5671417854463615;48000;20000;34;2026-09-10_22:36:04
random_forest;0.7;0.6503972758229285;0.5218579234972678;0.5790803436078829;56000;20000;34;2026-09-10_22:36:13
random_forest;0.8;0.6445444319460067;0.5218579234972678;0.5767488676396577;64000;20000;34;2026-09-10_22:36:22
random_forest;0.9;0.6594409583571021;0.5264116575591985;0.5854646746011648;72000;20000;34;2026-09-10_22:36:31
random_forest;1.0;0.6462809917355372;0.5341530054644809;0.5848915482423336;80000;20000;34;2026-09-10_22:36:41
random_forest;0.01;0.5393333333333333;0.3683970856102003;0.4377705627705627;800;20000;35;2026-09-10_22:36:50
random_forest;0.05;0.5800227014755959;0.465391621129326;0.516422435573522;4000;20000;35;2026-09-10_22:36:59
random_forest;0.1;0.5776955602536998;0.4977231329690346;0.5347358121330725;8000;20000;35;2026-09-10_22:37:09
random_forest;0.2;0.599009900990099;0.4959016393442623;0.5426008968609866;16000;20000;35;2026-09-10_22:37:19
random_forest;0.3;0.6236739251814629;0.5086520947176685;0.5603210433910208;24000;20000;35;2026-09-10_22:37:28
random_forest;0.4;0.6291759465478842;0.5145719489981785;0.5661322645290581;32000;20000;35;2026-09-10_22:37:38
random_forest;0.5;0.6447072072072072;0.5214025500910747;0.5765357502517623;40000;20000;35;2026-09-10_22:37:48
random_forest;0.6;0.6372767857142857;0.5200364298724954;0.5727181544633901;48000;20000;35;2026-09-10_22:37:57
random_forest;0.7;0.6324412889131622;0.5273224043715847;0.5751179538117706;56000;20000;35;2026-09-10_22:38:07
random_forest;0.8;0.6377995642701525;0.5332422586520947;0.5808531746031746;64000;20000;35;2026-09-10_22:38:16
random_forest;0.9;0.6444195176668536;0.523224043715847;0.5775320432269414;72000;20000;35;2026-09-10_22:38:26
random_forest;1.0;0.6490545050055617;0.5314207650273224;0.584376564847271;80000;20000;35;2026-09-10_22:38:36
random_forest;0.01;0.5497237569060773;0.4530965391621129;0.4967548676984523;800;20000;36;2026-09-10_22:38:45
random_forest;0.05;0.5939759036144578;0.4489981785063752;0.5114107883817428;4000;20000;36;2026-09-10_22:38:53
random_forest;0.1;0.5938028169014085;0.4799635701275045;0.5308486527323093;8000;20000;36;2026-09-10_22:39:02
random_forest;0.2;0.6214689265536724;0.5009107468123861;0.5547150781643974;16000;20000;36;2026-09-10_22:39:10
random_forest;0.3;0.6195773081201335;0.5072859744990893;0.557836755132699;24000;20000;36;2026-09-10_22:39:19
random_forest;0.4;0.6159779614325069;0.5091074681238615;0.5574669658439291;32000;20000;36;2026-09-10_22:39:27
random_forest;0.5;0.6337706788362807;0.50591985428051;0.5626740947075209;40000;20000;36;2026-09-10_22:39:36
random_forest;0.6;0.6326760563380281;0.511384335154827;0.5656006043817678;48000;20000;36;2026-09-10_22:39:44
random_forest;0.7;0.641156462585034;0.5150273224043715;0.5712121212121212;56000;20000;36;2026-09-10_22:39:53
random_forest;0.8;0.6481900452488688;0.5218579234972678;0.5782038345105954;64000;20000;36;2026-09-10_22:40:02
random_forest;0.9;0.6410958904109589;0.5327868852459017;0.5819447898532704;72000;20000;36;2026-09-10_22:40:11
random_forest;1.0;0.6541228555617045;0.5382513661202186;0.5905570821883588;80000;20000;36;2026-09-10_22:40:20
random_forest;0.01;0.571969696969697;0.3438069216757741;0.4294653014789533;800;20000;37;2026-09-10_22:40:29
random_forest;0.05;0.5571955719557196;0.412568306010929;0.4740973312401884;4000;20000;37;2026-09-10_22:40:36
random_forest;0.1;0.584070796460177;0.4508196721311475;0.5088666152659985;8000;20000;37;2026-09-10_22:40:44
random_forest;0.2;0.5750955761878754;0.4795081967213114;0.5229699528184754;16000;20000;37;2026-09-10_22:40:52
random_forest;0.3;0.597707423580786;0.4986338797814207;0.5436941410129096;24000;20000;37;2026-09-10_22:41:02
random_forest;0.4;0.6136236739251815;0.5004553734061931;0.5512916980185603;32000;20000;37;2026-09-10_22:41:11
random_forest;0.5;0.6210700496414782;0.5127504553734062;0.5617360937889748;40000;20000;37;2026-09-10_22:41:20
random_forest;0.6;0.6294642857142857;0.5136612021857924;0.5656970912738214;48000;20000;37;2026-09-10_22:41:29
random_forest;0.7;0.6342263531984691;0.5282331511839709;0.5763975155279503;56000;20000;37;2026-09-10_22:41:38
random_forest;0.8;0.6392199349945829;0.5373406193078324;0.5838693715982186;64000;20000;37;2026-09-10_22:41:48
random_forest;0.9;0.6416758544652701;0.5300546448087432;0.5805486284289276;72000;20000;37;2026-09-10_22:41:58
random_forest;1.0;0.6428571428571429;0.5327868852459017;0.5826693227091635;80000;20000;37;2026-09-10_22:42:08
random_forest;0.01;0.5648369132856006;0.3233151183970856;0.4112366058499855;800;20000;38;2026-09-10_22:42:18
random_forest;0.05;0.6040765904879555;0.4453551912568306;0.5127129750982963;4000;20000;38;2026-09-10_22:42:27
random_forest;0.1;0.5901275651691625;0.4845173041894353;0.5321330332583145;8000;20000;38;2026-09-10_22:42:35
random_forest;0.2;0.6176789587852495;0.5186703096539163;0.5638613861386139;16000;20000;38;2026-09-10_22:42:43
random_forest;0.3;0.6180327868852459;0.5150273224043715;0.5618479880774963;24000;20000;38;2026-09-10_22:42:52
random_forest;0.4;0.6355785837651122;0.5027322404371585;0.5614035087719299;32000;20000;38;2026-09-10_22:43:01
random_forest;0.5;0.6358479863868406;0.5104735883424408;0.5663046223793887;40000;20000;38;2026-09-10_22:43:10
random_forest;0.6;0.6316377864728899;0.5145719489981785;0.5671267252195734;48000;20000;38;2026-09-10_22:43:19
random_forest;0.7;0.6428975664968873;0.517304189435337;0.5733030532424931;56000;20000;38;2026-09-10_22:43:28
random_forest;0.8;0.6461111111111111;0.5295992714025501;0.5820820820820821;64000;20000;38;2026-09-10_22:43:37
random_forest;0.9;0.6455142231947484;0.5373406193078324;0.5864811133200795;72000;20000;38;2026-09-10_22:43:47
random_forest;1.0;0.6424611973392461;0.5277777777777778;0.5795;80000;20000;38;2026-09-10_22:43:56
random_forest;0.01;0.5683789192795197;0.3879781420765027;0.4611637347767253;800;20000;39;2026-09-10_22:44:06
random_forest;0.05;0.5822860562537403;0.4430783242258652;0.5032324799586242;4000;20000;39;2026-09-10_22:44:14
random_forest;0.1;0.5880434782608696;0.4927140255009107;0.5361744301288405;8000;20000;39;2026-09-10_22:44:22
random_forest;0.2;0.6125738850080602;0.5191256830601093;0.5619916194232191;16000;20000;39;2026-09-10_22:44:31
random_forest;0.3;0.6258953168044077;0.517304189435337;0.5664422837197707;24000;20000;39;2026-09-10_22:44:40
random_forest;0.4;0.6246560264171711;0.5168488160291439;0.5656615998006478;32000;20000;39;2026-09-10_22:44:49
random_forest;0.5;0.631578947368421;0.5081967213114754;0.5632096896290688;40000;20000;39;2026-09-10_22:44:58
random_forest;0.6;0.6318464144551101;0.5095628415300546;0.564154272750189;48000;20000;39;2026-09-10_22:45:07
random_forest;0.7;0.6296498905908097;0.5241347905282332;0.5720675944333997;56000;20000;39;2026-09-10_22:45:17
random_forest;0.8;0.6423877327491785;0.5341530054644809;0.583291894579811;64000;20000;39;2026-09-10_22:45:26
random_forest;0.9;0.6460423634336678;0.5277777777777778;0.580952380952381;72000;20000;39;2026-09-10_22:45:36
random_forest;1.0;0.650995575221239;0.5359744990892532;0.5879120879120879;80000;20000;39;2026-09-10_22:45:45
random_forest;0.01;0.5437534397358282;0.4499089253187613;0.4923997009718415;800;20000;40;2026-09-10_22:45:55
random_forest;0.05;0.5885167464114832;0.448087431693989;0.5087900723888314;4000;20000;40;2026-09-10_22:46:03
random_forest;0.1;0.601684717208183;0.4553734061930783;0.5184033177812337;8000;20000;40;2026-09-10_22:46:12
random_forest;0.2;0.61399416909621;0.4795081967213114;0.5384812068524675;16000;20000;40;2026-09-10_22:46:20
random_forest;0.3;0.6183518410286383;0.4817850637522768;0.541592014333248;24000;20000;40;2026-09-10_22:46:29
random_forest;0.4;0.6230547550432277;0.4922586520947176;0.5499872805901806;32000;20000;40;2026-09-10_22:46:37
random_forest;0.5;0.6278801843317973;0.4963570127504553;0.5544252288911495;40000;20000;40;2026-09-10_22:46:46
random_forest;0.6;0.6445852534562212;0.5095628415300546;0.569175991861648;48000;20000;40;2026-09-10_22:46:55
random_forest;0.7;0.6371830985915493;0.5150273224043715;0.5696298161672122;56000;20000;40;2026-09-10_22:47:05
random_forest;0.8;0.6450892857142857;0.5264116575591985;0.5797392176529588;64000;20000;40;2026-09-10_22:47:15
random_forest;0.9;0.6387061403508771;0.5305100182149363;0.5796019900497512;72000;20000;40;2026-09-10_22:47:25
random_forest;1.0;0.6391184573002755;0.5282331511839709;0.5784093742208926;80000;20000;40;2026-09-10_22:47:34
